Index,File Name
1,Major_1.wav
2,Major_10.wav
5,Major_102.wav
6,Major_103.wav
8,Major_105.wav
10,Major_107.wav
12,Major_109.wav
14,Major_110.wav
15,Major_111.wav
17,Major_113.wav
18,Major_114.wav
21,Major_117.wav
27,Major_122.wav
31,Major_126.wav
34,Major_129.wav
35,Major_13.wav
37,Major_131.wav
39,Major_133.wav
40,Major_134.wav
45,Major_139.wav
48,Major_141.wav
49,Major_142.wav
50,Major_143.wav
52,Major_145.wav
55,Major_148.wav
60,Major_152.wav
62,Major_154.wav
64,Major_156.wav
66,Major_158.wav
68,Major_16.wav
71,Major_162.wav
75,Major_166.wav
76,Major_167.wav
77,Major_168.wav
78,Major_169.wav
79,Major_17.wav
81,Major_171.wav
85,Major_175.wav
92,Major_181.wav
97,Major_186.wav
101,Major_19.wav
103,Major_191.wav
109,Major_197.wav
113,Major_20.wav
116,Major_202.wav
118,Major_204.wav
122,Major_208.wav
124,Major_21.wav
127,Major_212.wav
140,Major_224.wav
141,Major_225.wav
142,Major_226.wav
144,Major_228.wav
145,Major_229.wav
150,Major_233.wav
154,Major_237.wav
155,Major_238.wav
156,Major_239.wav
157,Major_24.wav
158,Major_240.wav
159,Major_241.wav
161,Major_243.wav
162,Major_244.wav
165,Major_247.wav
167,Major_249.wav
170,Major_251.wav
172,Major_253.wav
175,Major_256.wav
181,Major_261.wav
187,Major_267.wav
188,Major_268.wav
193,Major_272.wav
196,Major_275.wav
198,Major_277.wav
200,Major_279.wav
202,Major_280.wav
204,Major_282.wav
210,Major_288.wav
211,Major_289.wav
214,Major_291.wav
215,Major_292.wav
220,Major_297.wav
222,Major_299.wav
229,Major_304.wav
230,Major_305.wav
231,Major_306.wav
235,Major_31.wav
236,Major_310.wav
238,Major_312.wav
239,Major_313.wav
240,Major_314.wav
241,Major_315.wav
242,Major_316.wav
243,Major_317.wav
245,Major_319.wav
247,Major_320.wav
249,Major_322.wav
250,Major_323.wav
251,Major_324.wav
252,Major_325.wav
253,Major_326.wav
255,Major_328.wav
258,Major_330.wav
261,Major_333.wav
262,Major_334.wav
263,Major_335.wav
264,Major_336.wav
266,Major_338.wav
267,Major_339.wav
268,Major_34.wav
270,Major_341.wav
271,Major_342.wav
272,Major_343.wav
278,Major_349.wav
279,Major_35.wav
283,Major_353.wav
285,Major_355.wav
293,Major_362.wav
294,Major_363.wav
299,Major_368.wav
301,Major_37.wav
304,Major_372.wav
306,Major_374.wav
308,Major_376.wav
310,Major_378.wav
311,Major_379.wav
312,Major_38.wav
316,Major_383.wav
317,Major_384.wav
318,Major_385.wav
319,Major_386.wav
320,Major_387.wav
331,Major_397.wav
333,Major_399.wav
334,Major_4.wav
337,Major_401.wav
338,Major_402.wav
344,Major_408.wav
345,Major_409.wav
346,Major_41.wav
350,Major_413.wav
351,Major_414.wav
352,Major_415.wav
354,Major_417.wav
356,Major_419.wav
358,Major_420.wav
362,Major_424.wav
363,Major_425.wav
364,Major_426.wav
366,Major_428.wav
367,Major_429.wav
372,Major_433.wav
374,Major_435.wav
375,Major_436.wav
378,Major_439.wav
379,Major_44.wav
380,Major_440.wav
382,Major_442.wav
386,Major_446.wav
389,Major_449.wav
390,Major_45.wav
391,Major_450.wav
395,Major_454.wav
397,Major_456.wav
399,Major_458.wav
401,Major_46.wav
402,Major_460.wav
406,Major_464.wav
408,Major_466.wav
409,Major_467.wav
412,Major_47.wav
413,Major_470.wav
418,Major_475.wav
424,Major_480.wav
425,Major_481.wav
432,Major_488.wav
434,Major_49.wav
436,Major_491.wav
440,Major_495.wav
441,Major_496.wav
443,Major_498.wav
447,Major_500.wav
452,Major_54.wav
453,Major_55.wav
456,Major_58.wav
457,Major_59.wav
458,Major_6.wav
460,Major_61.wav
465,Major_66.wav
466,Major_67.wav
467,Major_68.wav
471,Major_71.wav
474,Major_74.wav
475,Major_75.wav
476,Major_76.wav
477,Major_77.wav
478,Major_78.wav
479,Major_79.wav
482,Major_81.wav
483,Major_82.wav
484,Major_83.wav
485,Major_84.wav
487,Major_86.wav
489,Major_88.wav
491,Major_9.wav
493,Major_91.wav
495,Major_93.wav
497,Major_95.wav
499,Major_97.wav
500,Major_98.wav
501,Major_99.wav
502,Minor_0.wav
506,Minor_101.wav
511,Minor_106.wav
513,Minor_108.wav
516,Minor_110.wav
518,Minor_112.wav
519,Minor_113.wav
520,Minor_114.wav
522,Minor_116.wav
523,Minor_117.wav
524,Minor_118.wav
527,Minor_120.wav
529,Minor_122.wav
530,Minor_123.wav
531,Minor_124.wav
533,Minor_126.wav
535,Minor_128.wav
538,Minor_130.wav
553,Minor_144.wav
558,Minor_149.wav
561,Minor_151.wav
567,Minor_157.wav
568,Minor_158.wav
571,Minor_160.wav
575,Minor_164.wav
578,Minor_167.wav
588,Minor_176.wav
590,Minor_178.wav
593,Minor_180.wav
597,Minor_184.wav
602,Minor_189.wav
613,Minor_199.wav
614,Minor_2.wav
618,Minor_202.wav
622,Minor_206.wav
624,Minor_208.wav
625,Minor_209.wav
626,Minor_21.wav
630,Minor_213.wav
631,Minor_214.wav
632,Minor_215.wav
634,Minor_217.wav
636,Minor_219.wav
638,Minor_220.wav
643,Minor_225.wav
645,Minor_227.wav
646,Minor_228.wav
647,Minor_229.wav
648,Minor_23.wav
650,Minor_231.wav
652,Minor_233.wav
654,Minor_235.wav
656,Minor_237.wav
657,Minor_238.wav
662,Minor_242.wav
664,Minor_244.wav
666,Minor_246.wav
669,Minor_249.wav
671,Minor_250.wav
672,Minor_252.wav
676,Minor_256.wav
679,Minor_259.wav
680,Minor_26.wav
681,Minor_260.wav
682,Minor_261.wav
685,Minor_264.wav
688,Minor_267.wav
689,Minor_268.wav
691,Minor_27.wav
693,Minor_271.wav
695,Minor_273.wav
698,Minor_276.wav
700,Minor_278.wav
701,Minor_279.wav
702,Minor_28.wav
703,Minor_280.wav
706,Minor_283.wav
713,Minor_29.wav
715,Minor_291.wav
717,Minor_293.wav
725,Minor_30.wav
728,Minor_302.wav
736,Minor_31.wav
737,Minor_310.wav
738,Minor_311.wav
740,Minor_313.wav
742,Minor_315.wav
746,Minor_319.wav
751,Minor_323.wav
752,Minor_324.wav
758,Minor_33.wav
761,Minor_332.wav
764,Minor_335.wav
768,Minor_339.wav
769,Minor_34.wav
772,Minor_342.wav
773,Minor_343.wav
775,Minor_345.wav
776,Minor_346.wav
778,Minor_348.wav
782,Minor_351.wav
783,Minor_352.wav
784,Minor_353.wav
787,Minor_356.wav
788,Minor_357.wav
789,Minor_36.wav
791,Minor_38.wav
792,Minor_39.wav
793,Minor_4.wav
794,Minor_40.wav
795,Minor_41.wav
805,Minor_50.wav
810,Minor_55.wav
813,Minor_58.wav
815,Minor_6.wav
817,Minor_61.wav
820,Minor_64.wav
821,Minor_65.wav
823,Minor_67.wav
824,Minor_68.wav
827,Minor_70.wav
830,Minor_73.wav
834,Minor_77.wav
843,Minor_85.wav
844,Minor_86.wav
845,Minor_87.wav
846,Minor_88.wav
847,Minor_89.wav
848,Minor_9.wav
850,Minor_91.wav
851,Minor_92.wav
855,Minor_96.wav
858,Minor_99.wav
